<?xml version="1.0" encoding="UTF-8" ?>
<!DOCTYPE mapper
  PUBLIC "-//mybatis.org//DTD Mapper 3.0//EN"
  "http://mybatis.org/dtd/mybatis-3-mapper.dtd">
<mapper namespace="ssafy.houseinfo">
<select id="selectalls"
		resultType="com.ssafy.happyhouse.model.dto.HouseDealDto" parameterType="map">
		select no,dong,AptName,code,dealAmount,buildYear from housedeal;
	</select>
	<select id="selectall"
		resultType="com.ssafy.happyhouse.model.dto.HouseDealDto" parameterType="map">
		select no,dong,AptName,code,dealAmount,buildYear from housedeal
		 limit #{current}, #{sizePer};
	</select>
	<select id="selectsortAsc"
			resultType="com.ssafy.happyhouse.model.dto.HouseDealDto" parameterType="map">
		select no,dong,AptName,code,dealAmount,buildYear from housedeal
		order by dealAmount limit #{current}, #{sizePer};
	</select>
	<select id="selectsortDesc"
			resultType="com.ssafy.happyhouse.model.dto.HouseDealDto" parameterType="map">
		select no,dong,AptName,code,dealAmount,buildYear from housedeal
		order by dealAmount desc limit #{current}, #{sizePer};
	</select>
	<select id="list4"
		resultType="com.ssafy.happyhouse.model.dto.HouseInfoDto">
		SELECT no,dong,AptName,code,jibun,lat,lng FROM houseinfo
		WHERE dong = #{dong} ORDER BY AptName
	</select>
	<select id="paging"
		resultType="com.ssafy.happyhouse.model.dto.HouseInfoDto">
		SELECT no,dong,AptName,code,jibun,lat,lng FROM houseinfo
		WHERE dong = #{dong} ORDER BY AptName limit #{currenttPage},#{sizePerPage} ;
	</select>
	<select id="count" resultType="int">
		SELECT count(no) FROM houseinfo
		WHERE dong = #{dong} ORDER BY AptName;
	</select>
</mapper>