<?xml version="1.0" encoding="UTF-8" ?>
<!DOCTYPE mapper
        PUBLIC "-//mybatis.org//DTD Mapper 3.0//EN"
        "http://mybatis.org/dtd/mybatis-3-mapper.dtd">
<mapper namespace="com.ssafy.vue.dao.QuestionMapper">
	<select id="list" resultType="com.ssafy.happyhouse.model.dto.QuestionDto">
		select no, questionType, title, date_format(writetime, '%Y-%m-%d') writetime, reply from questions where id = #{id} ORDER BY no DESC
	</select>
	<select id="allList" resultType="com.ssafy.happyhouse.model.dto.QuestionDto">
		select no, questionType, title, date_format(writetime, '%Y-%m-%d') writetime, reply from questions ORDER BY no DESC
	</select>
	<insert id="addQuestion" parameterType="com.ssafy.happyhouse.model.dto.QuestionDto">
		insert into questions(questionType, id, title, question_describe) values(#{questionType}, #{id}, #{title}, #{question_describe})
	</insert>
	<select id="detailQuestion" parameterType="com.ssafy.happyhouse.model.dto.QuestionDto" resultType="com.ssafy.happyhouse.model.dto.QuestionDto">
		select questionType, id, title, question_describe, writetime, reply from questions where no = #{no}
	</select>
	<delete id="deleteQuestion" parameterType="java.lang.Integer">
		delete from questions WHERE no=#{no}
	</delete>
	<update id="addQuestionReply" parameterType="com.ssafy.happyhouse.model.dto.QuestionDto">
		update questions set reply=#{reply} WHERE no=#{no}
	</update>
	<select id="questionList" parameterType="map"
		resultType="com.ssafy.happyhouse.model.dto.QuestionDto">
		select no, questionType, title, date_format(writetime, '%Y-%m-%d') writetime, reply from questions ORDER BY no DESC
		limit #{limit} offset #{offset}
	</select>

	<!-- 게시글 limit offset 조회 -->
	<select id="questionCount" resultType="int">
		select count(*) from questions
	</select>
</mapper>